journal name,ISSN,e-ISSN,category,citations,impact factor
IEEE Transactions on Cybernetics,2168-2267,2168-2275,Artificial Intelligence,38676,19.118
ACM Transactions on Storage,1553-3077,1553-3093,Hardware & Architecture,548,1.229
New Generation Computing,0288-3635,1882-7055,Theory & Methods,432,1.18
Computer Science and Information Systems,1820-0214,1820-0214,Information Systems,455,1.17
Caai Transactions on Intelligence Technology,2468-6557,2468-2322,Artificial Intelligence,812,7.985
Journal of the American Medical Informatics Association,1067-5027,1527-974X,Information Systems,15055,7.942
International Journal of Electronic Commerce,1086-4415,1557-9301,Software Engineering,3370,7.73
Journal of Network and Computer Applications,1084-8045,1095-8592,Software Engineering,10623,7.574
Wiley Interdisciplinary Reviews-Data Mining and Knowledge Discovery,1942-4787,1942-4795,Theory & Methods,2821,7.558
ACM Transactions on Graphics,0730-0301,1557-7368,Software Engineering,26319,7.403
Future Generation Computer Systems-the International Journal of Escience,0167-739X,1872-7115,Theory & Methods,24800,7.307
Journal of Automated Reasoning,0168-7433,1573-0670,Artificial Intelligence,935,1.15
IET Software,1751-8806,1751-8814,Software Engineering,553,1.15
Journal of Information Science and Engineering,1016-2364,N/A,Information Systems,787,1.142
Journal of Internet Technology,1607-9264,2079-4029,Information Systems,829,1.14
ACM Transactions on Algorithms,1549-6325,1549-6333,Theory & Methods,1023,1.113
Formal Methods in System Design,0925-9856,1572-8102,Theory & Methods,528,1.1
Graphical Models,1524-0703,1524-0711,Software Engineering,914,1.094
International Journal on Artificial Intelligence Tools,0218-2130,1793-6349,Interdisciplinary Applications,773,1.059
Journal of Universal Computer Science,0948-695X,0948-6968,Theory & Methods,1132,1.056
Journal of Computer and System Sciences,0022-0000,1090-2724,Theory & Methods,4964,1.043
Science of Computer Programming,0167-6423,1872-7964,Software Engineering,1367,1.039
AI Communications,0921-7126,1875-8452,Artificial Intelligence,553,1.029
International Journal of Uncertainty Fuzziness and Knowledge-Based Systems,0218-4885,1793-6411,Artificial Intelligence,2001,1.027
Computer Animation and Virtual Worlds,1546-4261,1546-427X,Software Engineering,584,1.01
Theoretical Computer Science,0304-3975,1879-2294,Theory & Methods,10110,1.002
Design Automation For Embedded Systems,0929-5585,1572-8080,Software Engineering,173,1
Parallel Computing,0167-8191,1872-7336,Theory & Methods,1759,0.983
Distributed and Parallel Databases,0926-8782,1573-7578,Theory & Methods,366,0.974
International Journal of Unconventional Computing,1548-7199,1548-7202,Theory & Methods,124,0.973
International Arab Journal of Information Technology,1683-3198,1683-3198,Artificial Intelligence,839,0.967
IET Computers and Digital Techniques,1751-8601,1751-861X,Theory & Methods,327,0.906
Formal Aspects of Computing,0934-5043,1433-299X,Software Engineering,401,0.886
Acta Informatica,0001-5903,1432-0525,Information Systems,841,0.871
Turkish Journal of Electrical Engineering and Computer Sciences,1300-0632,1303-6203,Artificial Intelligence,2004,0.853
Information Processing Letters,0020-0190,1872-6119,Information Systems,3878,0.851
ACM Transactions on Modeling and Computer Simulation,1049-3301,1558-1195,Interdisciplinary Applications,743,0.851
Advances in Electrical and Computer Engineering,1582-7445,1844-7600,Artificial Intelligence,435,0.825
International Journal of Web and Grid Services,1741-1106,1741-1114,Information Systems,408,0.825
Theory of Computing,1557-2862,1557-2862,Theory & Methods,184,0.816
Information Technology and Control,1392-124X,N/A,Artificial Intelligence,326,0.813
Programming and Computer Software,0361-7688,1608-3261,Software Engineering,334,0.801
International Journal of Web Services Research,1545-7362,1546-5004,Software Engineering,128,0.771
Journal of Computer and Systems Sciences International,1064-2307,1555-6530,Theory & Methods,542,0.722
Ieice Transactions on Information and Systems,1745-1361,1745-1361,Information Systems,2362,0.695
Applicable Algebra in Engineering Communication and Computing,0938-1279,1432-0622,Theory & Methods,538,0.693
Kybernetika,0023-5954,N/A,Cybernetics,1031,0.69
Computer Music Journal,0148-9267,1531-5169,Interdisciplinary Applications,355,0.688
International Journal of Foundations of Computer Science,0129-0541,1793-6373,Theory & Methods,675,0.662
Discrete & Computational Geometry,0179-5376,1432-0444,Theory & Methods,2486,0.639
Mathematical Structures in Computer Science,0960-1295,1469-8072,Theory & Methods,614,0.616
Constraints,1383-7133,1572-9354,Theory & Methods,332,0.583
Journal of Web Engineering,1540-9589,1544-5976,Theory & Methods,168,0.575
International Journal of Cooperative Information Systems,0218-8430,1793-6365,Information Systems,178,0.563
Computing and Informatics,1335-9150,1335-9150,Artificial Intelligence,366,0.455
Malaysian Journal of Computer Science,0127-9084,0127-9084,Artificial Intelligence,179,0.436
Ieice Transactions on Fundamentals of Electronics Communications and Computer Sciences,0916-8508,1745-1337,Information Systems,1487,0.423
Science China-Information Sciences,1674-733X,1869-1919,Information Systems,5794,7.275
IEEE Transactions on Information Forensics and Security,1556-6013,1556-6021,Theory & Methods,15383,7.231
Computers & Industrial Engineering,0360-8352,1879-0550,Interdisciplinary Applications,27459,7.18
IEEE Journal of Biomedical and Health Informatics,2168-2194,2168-2208,Interdisciplinary Applications,11304,7.021
Artificial Intelligence in Medicine,0933-3657,1873-2860,Artificial Intelligence,5314,7.011
Decision Support Systems,0167-9236,1873-5797,Artificial Intelligence,15272,6.969
IEEE Transactions on Dependable and Secure Computing,1545-5971,1941-0018,Information Systems,4678,6.791
Complex & Intelligent Systems,2199-4536,2198-6053,Artificial Intelligence,1941,6.7
Icga Journal,1389-6911,2468-2438,Software Engineering,68,0.22
Bell Labs Technical Journal,1089-7089,1538-7305,Information Systems,340,0
Romanian Journal of Information Technology and Automatic Control-Revista Romana De Informatica Si Automatica,1220-1758,1841-4303,Interdisciplinary Applications,33,N/A
International Journal of Embedded and Real-Time Communication Systems (Ijertcs),1947-3176,1947-3184,Software Engineering,27,N/A
International Journal of Software Science and Computational Intelligence-Ijssci,1942-9045,1942-9037,Software Engineering,97,N/A
International Journal of Agricultural and Environmental Information Systems,1947-3192,1947-3206,Interdisciplinary Applications,141,N/A
ACM Transactions on Modeling and Performance Evaluation of Computing Systems,2376-3639,2376-3647,Information Systems,114,N/A
Adcaij-Advances in Distributed Computing and Artificial Intelligence Journal,2255-2863,2255-2863,Artificial Intelligence,91,N/A
International Journal of Knowledge-Based and Intelligent Engineering Systems,1327-2314,1875-8827,Artificial Intelligence,183,N/A
Iadis-International Journal on Computer Science and Information Systems,1646-3692,1646-3692,Interdisciplinary Applications,35,N/A
International Journal of Cognitive Informatics and Natural Intelligence,1557-3958,1557-3966,Artificial Intelligence,166,N/A
International Journal of Communication Networks and Distributed Systems,1754-3916,1754-3924,Information Systems,287,N/A
Inteligencia Artificial-Iberoamerical Journal of Artificial Intelligence,1137-3601,1988-3064,Artificial Intelligence,241,N/A
IEEE Journal on Exploratory Solid-State Computational Devices and Circuits,2329-9231,2329-9231,Hardware & Architecture,309,N/A
Journal of Advanced Computational Intelligence and Intelligent Informatics,1343-0130,1883-8014,Artificial Intelligence,513,N/A
Bulletin of the European Association For Theoretical Computer Science,0252-9742,0252-9742,Theory & Methods,111,N/A
International Journal of Innovative Computing Information and Control,1349-4198,1349-418X,Artificial Intelligence,1481,N/A
International Journal of Modeling Simulation and Scientific Computing,1793-9623,1793-9615,Theory & Methods,437,N/A
International Journal of Information Technologies and Systems Approach,1935-570X,1935-5718,Information Systems,58,N/A
International Journal of Advanced Computer Science and Applications,2158-107X,2156-5570,Theory & Methods,4663,N/A
International Journal of Information Technology and Web Engineering,1554-1045,1554-1053,Information Systems,108,N/A
International Journal of Computational Intelligence and Applications,1469-0268,1757-5885,Artificial Intelligence,551,N/A
International Journal of Gaming and Computer-Mediated Simulations,1942-3888,1942-3896,Interdisciplinary Applications,267,N/A
International Journal of Multimedia Data Engineering & Management,1947-8534,1947-8542,Software Engineering,45,N/A
International Journal of Electronic Security and Digital Forensics,1751-911X,1751-9128,Information Systems,174,N/A
International Journal of Information Systems in the Service Sector,1935-5688,1935-5696,Information Systems,152,N/A
International Journal of Parallel Emergent and Distributed Systems,1744-5760,1744-5779,Theory & Methods,323,N/A
International Journal of Rf Technologies-Research and Applications,1754-5730,1754-5749,Information Systems,73,N/A
International Journal of Computational Science and Engineering,1742-7185,1742-7193,Interdisciplinary Applications,1302,N/A
International Journal of Computer Science and Network Security,1738-7906,1738-7906,Information Systems,1401,N/A
International Journal of Intelligent Computing and Cybernetics,1756-378X,1756-3798,Cybernetics,497,N/A
International Journal on Information Technologies and Security,1313-8251,1313-8251,Information Systems,63,N/A
Foundations and Trends in Communications and Information Theory,1567-2190,1567-2328,Interdisciplinary Applications,484,N/A
International Journal of Information System Modeling and Design,1947-8186,1947-8194,Information Systems,107,N/A
International Journal of Pervasive Computing and Communications,1742-7371,1742-738X,Interdisciplinary Applications,340,N/A
International Journal of Artificial Intelligence in Education,1560-4292,1560-4306,Interdisciplinary Applications,943,N/A
International Journal of Data Mining Modelling and Management,1759-1163,1759-1171,Artificial Intelligence,90,N/A
International Journal of Distributed Systems and Technologies,1947-3532,1947-3540,Information Systems,95,N/A
International Journal of Intelligent Information Technologies,1548-3657,1548-3665,Information Systems,117,N/A
International Journal of Computer Applications in Technology,0952-8091,1741-5047,Interdisciplinary Applications,670,N/A
International Journal of Fuzzy Logic and Intelligent Systems,1598-2645,2093-744X,Theory & Methods,325,N/A
International Journal of Grid and High Performance Computing,1938-0259,1938-0267,Theory & Methods,92,N/A
International Journal of Information and Learning Technology,2056-4880,2056-4880,Interdisciplinary Applications,405,N/A
International Journal of Intelligent Engineering Informatics,1758-8715,1758-8723,Interdisciplinary Applications,205,N/A
International Journal of Networked and Distributed Computing,2211-7938,2211-7946,Software Engineering,75,N/A
Journal of Information and Communication Technology-Malaysia,1675-414X,2180-3862,Information Systems,161,N/A
International Journal of Ambient Computing and Intelligence,1941-6237,1941-6245,Theory & Methods,292,N/A
International Journal of Decision Support System Technology,1941-6296,1941-630X,Information Systems,113,N/A
International Journal of Mobile Human Computer Interaction,1942-390X,1942-3918,Cybernetics,135,N/A
Communications of the Association For Information Systems,1529-3181,1529-3181,Information Systems,2887,N/A
Eai Endorsed Transactions on Scalable Information Systems,2032-9407,2032-9407,Information Systems,124,N/A
Isecure-Isc International Journal of Information Security,2008-2045,2008-3076,Information Systems,59,N/A
International Journal of Information Security and Privacy,1930-1650,1930-1669,Software Engineering,145,N/A
"Advances in Computational Design, An International Journal",2383-8477,2466-0523,Software Engineering,202,N/A
International Journal of Applied Metaheuristic Computing,1947-8283,1947-8291,Artificial Intelligence,145,N/A
International Journal of Information Retrieval Research,2155-6377,2155-6385,Information Systems,86,N/A
Tem Journal-Technology Education Management Informatics,2217-8309,2217-8333,Information Systems,551,N/A
Ccf Transactions on Pervasive Computing and Interaction,2524-521X,2524-5228,Information Systems,72,N/A
Communications in Mathematical Biology and Neuroscience,2052-2541,2052-2541,Information Systems,303,N/A
International Journal of Enterprise Information Systems,1548-1115,1548-1123,Information Systems,232,N/A
Foundations and Trends in Computer Graphics and Vision,1572-2740,1572-2759,Interdisciplinary Applications,434,N/A
Applied Computational Intelligence and Soft Computing,1687-9724,1687-9732,Artificial Intelligence,377,N/A
International Journal of Internet Protocol Technology,1743-8209,1743-8217,Information Systems,58,N/A
International Journal of System Dynamics Applications,2160-9772,2160-9799,Artificial Intelligence,257,N/A
Automatic Documentation and Mathematical Linguistics,0005-1055,1934-8371,Information Systems,79,N/A
International Journal of Applied Pattern Recognition,2049-887X,2049-8888,Artificial Intelligence,118,N/A
International Journal of Digital Crime and Forensics,1941-6210,1941-6229,Interdisciplinary Applications,135,N/A
International Journal of Swarm Intelligence Research,1947-9263,1947-9271,Artificial Intelligence,218,N/A
International Journal of Data Science and Analytics,2364-415X,2364-4168,Information Systems,560,N/A
International Journal of Grid and Utility Computing,1741-847X,1741-8488,Information Systems,193,N/A
Journal of Computer Virology and Hacking Techniques,2263-8733,2263-8733,Information Systems,654,N/A
Journal of Information and Organizational Sciences,1846-3312,1846-9418,Interdisciplinary Applications,115,N/A
International Journal of Computer Games Technology,1687-7047,1687-7055,Software Engineering,209,N/A
International Journal of Next-Generation Computing,2229-4678,0976-5034,Theory & Methods,42,N/A
ACM Transactions on Management Information Systems,2158-656X,2158-6578,Information Systems,539,N/A
International Journal of Automation and Computing,1476-8186,1751-8520,Artificial Intelligence,1527,N/A
International Journal of Reconfigurable Computing,1687-7195,1687-7209,Hardware & Architecture,163,N/A
International Journal of Web Information Systems,1744-0084,1744-0092,Information Systems,190,N/A
Journal of Algorithms & Computational Technology,1748-3018,1748-3026,Interdisciplinary Applications,295,N/A
Human-Computer Interaction,0737-0024,1532-7051,Cybernetics,1950,6.459
Internet Research,1066-2243,1066-2243,Information Systems,5332,6.353
International Journal of Neural Systems,0129-0657,1793-6462,Artificial Intelligence,2891,6.325
Foundations and Trends in Programming Languages,2325-1107,2325-1131,Software Engineering,76,N/A
Innovations in Systems and Software Engineering,1614-5046,1614-5054,Software Engineering,240,N/A
SICS Software-Intensive Cyber-Physical Systems,2524-8510,2524-8529,Hardware & Architecture,45,N/A
CCF Transactions on High Performance Computing,2524-4922,2524-4930,Hardware & Architecture,46,N/A
Foundations of Computing and Decision Sciences,0867-6356,2300-3405,Artificial Intelligence,198,N/A
Journal of Communications Software and Systems,1845-6421,1846-6079,Information Systems,128,N/A
Journal of Electrical and Computer Engineering,2090-0147,2090-0155,Information Systems,925,N/A
Annual Review of Cybertherapy and Telemedicine,1554-8716,2352-927X,Cybernetics,213,N/A
Intelligent Decision Technologies-Netherlands,1872-4981,1875-8843,Artificial Intelligence,210,N/A
Journal of Digital Forensics Security and Law,1558-7215,1558-7223,Information Systems,129,N/A
Journal of Information Assurance and Security,1554-1010,1554-1029,Information Systems,101,N/A
Journal of Internet Services and Applications,1867-4828,1869-0238,Information Systems,586,N/A
ACM Transactions on Economics and Computation,2167-8375,2167-8383,Interdisciplinary Applications,199,N/A
International Journal of Software Innovation,2166-7160,2166-7179,Software Engineering,83,N/A
Journal of Information and Telecommunication,2475-1839,2475-1847,Information Systems,195,N/A
International Journal of Arts and Technology,1754-8853,1754-8861,Interdisciplinary Applications,74,N/A
Service Oriented Computing and Applications,1863-2386,1863-2394,Interdisciplinary Applications,309,N/A
International Journal of Image and Graphics,0219-4678,1793-6756,Software Engineering,216,N/A
International Journal of Semantic Computing,1793-351X,1793-7108,Artificial Intelligence,159,N/A
Radio Electronics Computer Science Control,1607-3274,2313-688X,Hardware & Architecture,147,N/A
Scalable Computing-Practice and Experience,1895-1767,1895-1767,Software Engineering,185,N/A
E-Informatica Software Engineering Journal,1897-7979,2084-4840,Software Engineering,54,N/A
ACM Journal of Data and Information Quality,1936-1955,1936-1955,Information Systems,279,N/A
Australasian Journal of Information Systems,1449-8618,1326-2238,Information Systems,427,N/A
Journal of Cases on Information Technology,1548-7717,1548-7725,Information Systems,156,N/A
Journal of Information Technology Research,1938-7857,1938-7865,Interdisciplinary Applications,127,N/A
Foundations and Trends in Machine Learning,1935-8237,1935-8245,Artificial Intelligence,3382,N/A
Ipsi Bgd Transactions on Internet Research,1820-4503,1820-4503,Information Systems,26,N/A
Revista Brasileira De Computacao Aplicada,2176-6649,2176-6649,Interdisciplinary Applications,28,N/A
ACM Transactions on Cyber-Physical Systems,2378-962X,2378-9638,Interdisciplinary Applications,375,N/A
International Journal of Embedded Systems,1741-1068,1741-1076,Hardware & Architecture,293,N/A
Journal of Information Processing Systems,1976-913X,2092-805X,Information Systems,790,N/A
Communications in Information and Systems,1526-7555,2163-4548,Information Systems,293,N/A
IEEE Systems Man and Cybernetics Magazine,2380-1298,2333-942X,Cybernetics,185,N/A
Acta Universitatis Sapientiae Informatica,1844-6086,2066-7760,Theory & Methods,81,N/A
International Journal of E-Collaboration,1548-3673,1548-3681,Information Systems,876,N/A
Journal of Computer Science & Technology,1666-6046,1666-6038,Artificial Intelligence,120,N/A
Journal of Ict Research and Applications,2337-5787,2338-5499,Information Systems,85,N/A
ACM Transactions on Accessible Computing,1936-7228,1936-7236,Interdisciplinary Applications,318,N/A
Cybernetics and Information Technologies,1311-9702,1314-4081,Information Systems,536,N/A
Eurasip Journal on Information Security,2510-523X,2510-523X,Information Systems,507,N/A
Pattern Recognition and Image Analysis,1054-6618,1555-6212,Interdisciplinary Applications,173,N/A
Scientific Annals of Computer Science,1843-8121,1843-8121,Theory & Methods,34,N/A
ACM Transactions on Computation Theory,1942-3454,1942-3462,Theory & Methods,190,N/A
ACM Transactions on Parallel Computing,2329-4949,2329-4957,Theory & Methods,171,N/A
Advances in Human-Computer Interaction,1687-5893,1687-5907,Artificial Intelligence,369,N/A
African Journal of Information Systems,1936-0282,1936-0282,Information Systems,91,N/A
Journal of Chemical Information and Modeling,1549-9596,1549-960X,Information Systems,30162,6.162
IEEE Transactions on Mobile Computing,1536-1233,1558-0660,Information Systems,9932,6.075
Vietnam Journal of Computer Science,2196-8888,2196-8896,Information Systems,136,N/A
Progress in Artificial Intelligence,2192-6352,2192-6360,Artificial Intelligence,837,N/A
Information-Wissenschaft Und Praxis,1434-4653,1619-4292,Information Systems,21,N/A
International Journal of Biometrics,1755-8301,1755-831X,Artificial Intelligence,111,N/A
Journal of Interconnection Networks,0219-2659,1793-6713,Theory & Methods,84,N/A
Computer Science Journal of Moldova,1561-4042,1561-4042,Theory & Methods,64,N/A
Social Network Analysis and Mining,1869-5450,1869-5469,Information Systems,1464,N/A
Journal of Mathematical Cryptology,1862-2976,1862-2984,Theory & Methods,203,N/A
Baltic Journal of Modern Computing,2255-8942,2255-8950,Software Engineering,186,N/A
Review of Socionetwork Strategies,2523-3173,1867-3236,Information Systems,59,N/A
Information and Computer Security,2056-4961,2056-4961,Information Systems,420,N/A
Journal of High Speed Networks,0926-6801,1875-8940,Information Systems,94,N/A
Journal of Intelligent Systems,0334-1860,2191-026X,Artificial Intelligence,644,N/A
Journal of Membrane Computing,2523-8906,2523-8914,Theory & Methods,339,N/A
Transactions on Data Privacy,1888-5063,2013-1631,Theory & Methods,179,N/A
Quantum Machine Intelligence,2524-4906,2524-4914,Artificial Intelligence,147,N/A
Information Security Journal,1939-3555,1939-3547,Information Systems,403,N/A
Journal of Computer Security,0926-227X,1875-8924,Information Systems,670,N/A
Journal of Object Technology,1660-1769,N/A,Software Engineering,262,N/A
Journal of Usability Studies,1931-3357,1931-3357,Cybernetics,800,N/A
Data Science and Engineering,2364-1185,2364-1541,Information Systems,419,N/A
Multiagent and Grid Systems,1574-1702,1875-9076,Theory & Methods,111,N/A
Parallel Processing Letters,0129-6264,1793-642X,Interdisciplinary Applications,222,N/A
IEEE Transactions on Reliability,0018-9529,1558-1721,Hardware & Architecture,8108,5.883
Journal of Systems Architecture,1383-7621,1873-6165,Software Engineering,2467,5.836
Neurocomputing,0925-2312,1872-8286,Artificial Intelligence,54651,5.779
IEEE Transactions on Cloud Computing,2168-7161,2168-7161,Theory & Methods,3065,5.697
Business & Information Systems Engineering,2363-7005,1867-0202,Information Systems,2687,5.675
Electronic Commerce Research and Applications,1567-4223,1873-7846,Information Systems,4943,5.622
Evolutionary Intelligence,1864-5909,1864-5917,Artificial Intelligence,1031,N/A
It-Information Technology,1611-2776,2196-7032,Information Systems,217,N/A
Internetworking Indonesia,1942-9703,1942-9703,Software Engineering,28,N/A
Image Processing on Line,2105-1232,2105-1232,Software Engineering,604,N/A
Intelligenza Artificiale,1724-8035,2211-0097,Artificial Intelligence,80,N/A
Applied Computer Systems,2255-8683,2255-8691,Theory & Methods,63,N/A
Applied Computing Review,1559-6915,N/A,Information Systems,89,N/A
Frontiers in Blockchain,2624-7852,2624-7852,Information Systems,232,N/A
Kunstliche Intelligenz,0933-1875,1610-1987,Artificial Intelligence,544,N/A
Computacion y Sistemas,1405-5546,2007-9737,Information Systems,352,N/A
Argument & Computation,1946-2166,1946-2174,Artificial Intelligence,276,N/A
Open Computer Science,2299-1093,2299-1093,Theory & Methods,179,N/A
Security and Privacy,2475-6725,2475-6725,Information Systems,245,N/A
ACM Sigecom Exchanges,1551-9031,1551-9031,Interdisciplinary Applications,111,N/A
Computer Science-Agh,1508-2806,2300-7036,Theory & Methods,69,N/A
Machine Translation,0922-6567,1573-0573,Artificial Intelligence,220,N/A
Visual Informatics,2468-502X,2468-502X,Software Engineering,360,N/A
Granular Computing,2364-4966,2364-4974,Information Systems,1212,N/A
Connection Science,0954-0091,1360-0494,Artificial Intelligence,921,N/A
Web Intelligence,2405-6456,2405-6464,Artificial Intelligence,90,N/A
Computer Networks,1389-1286,1872-7069,Hardware & Architecture,12897,5.493
Machine Learning,0885-6125,1573-0565,Artificial Intelligence,30019,5.414
Data Mining and Knowledge Discovery,1384-5810,1573-756X,Information Systems,5039,5.406
Journal of the Association For Information Systems,1536-9323,1558-3457,Information Systems,4419,5.346
Minds and Machines,0924-6495,1572-8641,Artificial Intelligence,1180,5.339
Information Fusion,1566-2535,1872-6305,Theory & Methods,13268,17.564
IEEE Transactions on Evolutionary Computation,1089-778X,1941-0026,Artificial Intelligence,20841,16.497
Journal of Strategic Information Systems,0963-8687,1873-1198,Information Systems,3271,14.682
ACM Computing Surveys,0360-0300,1557-7341,Theory & Methods,14992,14.324
Communications of the ACM,0001-0782,1557-7317,Hardware & Architecture,26575,14.065
Artificial Intelligence,0004-3702,1872-7921,Artificial Intelligence,14899,14.05
IEEE Transactions on Affective Computing,1949-3045,1949-3045,Cybernetics,4522,13.99
Medical Image Analysis,1361-8415,1361-8423,Interdisciplinary Applications,16080,13.828
International Journal of Computer Vision,0920-5691,1573-1405,Artificial Intelligence,23067,13.369
Foundations and Trends in Information Retrieval,1554-0669,1554-0677,Information Systems,589,13.286
Acta Cybernetica,0324-721X,0324-721X,Cybernetics,121,N/A
Big Earth Data,2096-4471,2574-5417,Information Systems,417,N/A
Cybersecurity,2523-3246,2523-3246,Software Engineering,276,N/A
IET Networks,2047-4954,2047-4962,Information Systems,597,N/A
Ai & Society,0951-5666,1435-5655,Artificial Intelligence,1614,N/A
Ercim News,0926-4981,1564-0094,Interdisciplinary Applications,144,N/A
Computers,2073-431X,2073-431X,Interdisciplinary Applications,854,N/A
Patterns,2666-3899,2666-3899,Information Systems,549,N/A
Qwerty,1828-7344,2240-2950,Interdisciplinary Applications,49,N/A
3C Tic,2254-6529,2254-6529,Theory & Methods,16,N/A
Information Systems Frontiers,1387-3326,1572-9419,Information Systems,4156,5.261
IEEE Transactions on Visualization and Computer Graphics,1077-2626,1941-0506,Software Engineering,14486,5.226
Journal of Machine Learning Research,1532-4435,N/A,Artificial Intelligence,47705,5.177
Journal of Information Technology,0268-3962,1466-4437,Information Systems,2497,5.15
Computers & Security,0167-4048,1872-6208,Information Systems,8076,5.105
Neural Computing & Applications,0941-0643,1433-3058,Artificial Intelligence,23402,5.102
Applied Intelligence,0924-669X,1573-7497,Artificial Intelligence,8493,5.019
Journal of Information Security and Applications,2214-2126,2214-2134,Information Systems,2579,4.96
International Journal of Interactive Multimedia and Artificial Intelligence,1989-1660,1989-1660,Interdisciplinary Applications,1128,4.936
Sustainable Computing-Informatics & Systems,2210-5379,2210-5387,Hardware & Architecture,1431,4.923
IEEE Transactions on Sustainable Computing,2377-3782,2377-3782,Hardware & Architecture,845,4.908
IEEE Transactions on Emerging Topics in Computational Intelligence,2471-285X,2471-285X,Artificial Intelligence,1266,4.851
Ad Hoc Networks,1570-8705,1570-8713,Information Systems,5745,4.816
Evolutionary Computation,1063-6560,1530-9304,Theory & Methods,3763,4.766
IEEE Transactions on Network and Service Management,1932-4537,1932-4537,Information Systems,3860,4.758
Pattern Recognition Letters,0167-8655,1872-7344,Artificial Intelligence,18442,4.757
Ict Express,2405-9595,2405-9595,Information Systems,1131,4.754
IEEE Transactions on Computational Social Systems,2329-924X,2329-924X,Information Systems,1970,4.747
Virtual Reality,1359-4338,1434-9957,Software Engineering,1790,4.697
Journal of Grid Computing,1570-7873,1572-9184,Theory & Methods,1120,4.674
ACM Transactions on Information Systems,1046-8188,1558-2868,Information Systems,2407,4.657
Journal of Parallel and Distributed Computing,0743-7315,1096-0848,Theory & Methods,4786,4.542
International Journal of Approximate Reasoning,0888-613X,1873-4731,Artificial Intelligence,5461,4.452
Big Data,2167-6461,2167-647X,Theory & Methods,998,4.426
International Journal of Computer Integrated Manufacturing,0951-192X,1362-3052,Interdisciplinary Applications,3069,4.42
Enterprise Information Systems,1751-7575,1751-7583,Information Systems,1918,4.407
Computer Systems Science and Engineering,0267-6192,N/A,Hardware & Architecture,509,4.397
International Journal of Machine Learning and Cybernetics,1868-8071,1868-808X,Artificial Intelligence,4115,4.377
Journal of Informetrics,1751-1577,1875-5879,Interdisciplinary Applications,5754,4.373
IEEE Transactions on Big Data,2332-7790,2332-7790,Theory & Methods,1231,4.271
Advances in Engineering Software,0965-9978,1873-5339,Software Engineering,10407,4.255
Vldb Journal,1066-8888,0949-877X,Hardware & Architecture,2372,4.243
User Modeling and User-Adapted Interaction,0924-1868,1573-1391,Cybernetics,1374,4.23
Simulation Modelling Practice and Theory,1569-190X,1878-1462,Software Engineering,3969,4.199
Egyptian Informatics Journal,1110-8665,2090-4754,Information Systems,1037,4.195
Journal of Computer-Aided Molecular Design,0920-654X,1573-4951,Interdisciplinary Applications,6384,4.179
ACM Transactions on Knowledge Discovery From Data,1556-4681,1556-472X,Software Engineering,2538,4.157
Computers & Electrical Engineering,0045-7906,1879-0755,Interdisciplinary Applications,7896,4.152
IEEE Consumer Electronics Magazine,2162-2248,2162-2256,Hardware & Architecture,1709,4.135
Computers & Chemical Engineering,0098-1354,1873-4375,Interdisciplinary Applications,16720,4.13
Computational Visual Media,2096-0433,2096-0662,Software Engineering,503,4.127
IEEE Transactions on Human-Machine Systems,2168-2291,2168-2305,Cybernetics,2333,4.124
ACM Transactions on Computer-Human Interaction,1073-0516,1557-7325,Cybernetics,1960,4.106
ACM Transactions on Multimedia Computing Communications and Applications,1551-6857,1551-6865,Theory & Methods,2183,4.094
ACM Transactions on Internet Technology,1533-5399,1557-6051,Software Engineering,1257,3.989
Journal of Communications and Networks,1229-2370,1976-5541,Information Systems,1188,3.908
Information Systems Management,1058-0530,1934-8703,Information Systems,1344,3.882
International Journal on Document Analysis and Recognition,1433-2833,1433-2825,Artificial Intelligence,930,3.87
Information and Software Technology,0950-5849,1873-6025,Software Engineering,6537,3.862
Image and Vision Computing,0262-8856,1872-8138,Theory & Methods,6254,3.86
Journal of Computational Science,1877-7503,1877-7511,Theory & Methods,3947,3.817
IEEE-ACM Transactions on Networking,1063-6692,1558-2566,Theory & Methods,8721,3.796
Empirical Software Engineering,1382-3256,1573-7616,Software Engineering,3996,3.762
IEEE Transactions on Parallel and Distributed Systems,1045-9219,1558-2183,Theory & Methods,9739,3.757
Big Data Research,2214-5796,2214-5796,Information Systems,740,3.739
Computational Biology and Chemistry,1476-9271,1476-928X,Interdisciplinary Applications,3433,3.737
Soft Computing,1432-7643,1433-7479,Artificial Intelligence,17142,3.732
Computer Standards & Interfaces,0920-5489,1872-7018,Software Engineering,1933,3.721
ACM Transactions on Software Engineering and Methodology,1049-331X,1557-7392,Software Engineering,1296,3.685
Journal of Ambient Intelligence and Humanized Computing,1868-5137,1868-5145,Artificial Intelligence,8357,3.662
Computer-Aided Design,0010-4485,1879-2685,Software Engineering,6430,3.652
Journal of Artificial Intelligence Research,1076-9757,1943-5037,Artificial Intelligence,7528,3.635
IEEE Transactions on Fuzzy Systems,1063-6706,1941-0034,Artificial Intelligence,25583,12.253
IEEE Transactions on Industrial Informatics,1551-3203,1941-0050,Interdisciplinary Applications,37957,11.648
Computers in Industry,0166-3615,1872-6194,Interdisciplinary Applications,7928,11.245
IEEE Transactions on Image Processing,1057-7149,1941-0042,Artificial Intelligence,67579,11.041
IEEE Transactions on Services Computing,1939-1374,1939-1374,Software Engineering,4592,11.019
Mathematics and Computers in Simulation,0378-4754,1872-7166,Software Engineering,6834,3.601
Proceedings of the Vldb Endowment,2150-8097,2150-8097,Theory & Methods,10242,3.557
Tsinghua Science and Technology,1007-0214,1878-7606,Software Engineering,1848,3.515
Journal of Systems and Software,0164-1212,1873-1228,Theory & Methods,7681,3.514
IEEE Multimedia,1070-986X,1941-0166,Software Engineering,1198,3.491
Peer-To-Peer Networking and Applications,1936-6442,1936-6450,Information Systems,2707,3.488
IEEE Access,2169-3536,2169-3536,Information Systems,173341,3.476
ACM Transactions on the Web,1559-1131,1559-114X,Information Systems,850,3.35
Behaviour & Information Technology,0144-929X,1362-3001,Cybernetics,4675,3.32
Journal of Computer Information Systems,0887-4417,2380-2057,Information Systems,2490,3.317
International Journal of Bio-Inspired Computation,1758-0366,1758-0374,Theory & Methods,1295,3.295
Neural Computation,0899-7667,1530-888X,Artificial Intelligence,22519,3.278
Computer Speech and Language,0885-2308,1095-8363,Artificial Intelligence,2014,3.252
Software-Practice & Experience,0038-0644,1097-024X,Software Engineering,2921,3.2
Information Systems,0306-4379,1873-6076,Information Systems,3032,3.18
IEEE Transactions on Haptics,1939-1412,2329-4051,Cybernetics,2008,3.105
Semantic Web,1570-0844,2210-4968,Theory & Methods,1355,3.105
IEEE Security & Privacy,1540-7993,1558-4046,Software Engineering,2308,3.105
Mobile Networks & Applications,1383-469X,1572-8153,Hardware & Architecture,3457,3.077
Displays,0141-9382,1872-7387,Hardware & Architecture,1520,3.074
Biological Cybernetics,0340-1200,1432-0770,Cybernetics,5217,3.072
Advances in Computers,0065-2458,N/A,Hardware & Architecture,789,3.067
IEEE Software,0740-7459,1937-4194,Software Engineering,3565,3
World Wide Web-Internet and Web Information Systems,1386-145X,1573-1413,Software Engineering,1698,3
Journal of Visual Communication and Image Representation,1047-3203,1095-9076,Software Engineering,5233,2.887
Softwarex,2352-7110,2352-7110,Software Engineering,3576,2.868
Digital Investigation,1742-2876,1873-202X,Interdisciplinary Applications,1468,2.86
ACM Transactions on Reconfigurable Technology and Systems,1936-7406,1936-7414,Hardware & Architecture,479,2.837
Visual Computer,0178-2789,1432-2315,Software Engineering,3446,2.835
IEEE Micro,0272-1732,1937-4143,Hardware & Architecture,2167,2.821
International Journal of High Performance Computing Applications,1094-3420,1741-2846,Theory & Methods,1266,2.82
Expert Systems,0266-4720,1468-0394,Theory & Methods,1833,2.812
Computer Supported Cooperative Work-the Journal of Collaborative Computing and Work Practices,0925-9724,1573-7551,Interdisciplinary Applications,1000,2.8
Journal of Web Semantics,1570-8268,1873-7749,Software Engineering,1110,2.77
ACM Transactions on Privacy and Security,2471-2566,2471-2574,Information Systems,316,2.717
IET Biometrics,2047-4938,2047-4946,Artificial Intelligence,907,2.716
Earth Science Informatics,1865-0473,1865-0481,Interdisciplinary Applications,1240,2.705
IEEE Internet Computing,1089-7801,1941-0131,Software Engineering,2328,2.68
Journal of Artificial Intelligence and Soft Computing Research,2083-2567,2449-6499,Artificial Intelligence,325,2.675
Frontiers of Computer Science,2095-2228,2095-2236,Software Engineering,1525,2.669
Journal of Database Management,1063-8016,1533-8010,Software Engineering,350,2.656
International Journal of Computers Communications & Control,1841-9836,1841-9844,Information Systems,1297,2.635
ACM Transactions on Intelligent Systems and Technology,2157-6904,2157-6912,Artificial Intelligence,5126,10.489
Information & Management,0378-7206,1872-7530,Information Systems,13322,10.328
IEEE Network,0890-8044,1558-156X,Hardware & Architecture,8874,10.294
Swarm and Evolutionary Computation,2210-6502,2210-6510,Theory & Methods,7569,10.267
IEEE Internet of Things Journal,2327-4662,2327-4662,Information Systems,34730,10.238
IEEE Computational Intelligence Magazine,1556-603X,1556-6048,Artificial Intelligence,2720,9.809
Artificial Intelligence Review,0269-2821,1573-7462,Artificial Intelligence,7204,9.588
IEEE Transactions on Knowledge and Data Engineering,1041-4347,1558-2191,Artificial Intelligence,20454,9.235
Universal Access in the Information Society,1615-5289,1615-5297,Cybernetics,1490,2.629
Ibm Journal of Research and Development,0018-8646,2151-8556,Software Engineering,3625,2.605
Multimedia Systems,0942-4962,1432-1882,Theory & Methods,1185,2.603
It Professional,1520-9202,1941-045X,Software Engineering,1380,2.59
Multimedia Tools and Applications,1380-7501,1573-7721,Software Engineering,20522,2.577
Neural Processing Letters,1370-4621,1573-773X,Artificial Intelligence,4028,2.565
ACM Transactions on Sensor Networks,1550-4859,1550-4867,Information Systems,1400,2.56
Journal of Supercomputing,0920-8542,1573-0484,Theory & Methods,6307,2.557
International Journal of Multimedia Information Retrieval,2192-6611,2192-662X,Software Engineering,398,2.553
Knowledge and Information Systems,0219-1377,0219-3116,Information Systems,4789,2.531
Frontiers of Information Technology & Electronic Engineering,2095-9184,2095-9230,Software Engineering,1722,2.526
Ai Magazine,0738-4602,2371-9621,Artificial Intelligence,2474,2.524
Genetic Programming and Evolvable Machines,1389-2576,1573-7632,Theory & Methods,515,2.522
Journal of Intelligent Information Systems,0925-9902,1573-7675,Artificial Intelligence,1373,2.504
International Journal of General Systems,0308-1079,1563-5104,Theory & Methods,1802,2.435
International Journal of Information Security,1615-5262,1615-5270,Software Engineering,1028,2.427
Computing,0010-485X,1436-5057,Theory & Methods,2753,2.42
Computer Graphics Forum,0167-7055,1467-8659,Software Engineering,8716,2.363
Kybernetes,0368-492X,1758-7883,Cybernetics,2420,2.352
Evolving Systems,1868-6478,1868-6486,Artificial Intelligence,683,2.347
Statistics and Computing,0960-3174,1573-1375,Theory & Methods,6862,2.324
Pattern Analysis and Applications,1433-7541,1433-755X,Artificial Intelligence,2099,2.307
Cluster Computing-the Journal of Networks Software Tools and Applications,1386-7857,1573-7543,Theory & Methods,6221,2.303
Journal of Experimental & Theoretical Artificial Intelligence,0952-813X,1362-3079,Artificial Intelligence,1240,2.296
Requirements Engineering,0947-3602,1432-010X,Software Engineering,829,2.275
Journal of the ACM,0004-5411,1557-735X,Software Engineering,7894,2.269
International Journal of Computational Intelligence Systems,1875-6891,1875-6883,Interdisciplinary Applications,2213,2.259
Computer,0018-9162,1558-0814,Software Engineering,8608,2.256
Journal of Heuristics,1381-1231,1572-9397,Theory & Methods,1519,2.247
Journal of Organizational Computing and Electronic Commerce,1091-9392,1532-7744,Information Systems,654,2.237
Software and Systems Modeling,1619-1366,1619-1374,Software Engineering,1385,2.211
Performance Evaluation,0166-5316,1872-745X,Theory & Methods,1683,2.205
Journal of Network and Systems Management,1064-7570,1573-7705,Information Systems,674,2.198
Information Visualization,1473-8716,1473-8724,Software Engineering,768,2.174
Computing in Science & Engineering,1521-9615,1558-366X,Interdisciplinary Applications,7394,2.152
Computational Intelligence,0824-7935,1467-8640,Artificial Intelligence,1419,2.142
Concurrent Engineering-Research and Applications,1063-293X,1531-2003,Interdisciplinary Applications,611,2.118
IEEE Computer Architecture Letters,1556-6056,1556-6064,Hardware & Architecture,562,2.118
Entertainment Computing,1875-9521,1875-953X,Software Engineering,668,2.072
Multidimensional Systems and Signal Processing,0923-6082,1573-0824,Theory & Methods,1115,2.03
Information Retrieval Journal,1386-4564,1573-7659,Information Systems,1115,2.024
Knowledge Engineering Review,0269-8889,1469-8005,Artificial Intelligence,1145,2.016
ACM Journal on Emerging Technologies in Computing Systems,1550-4832,1550-4840,Hardware & Architecture,797,2.013
ACM Sigcomm Computer Communication Review,0146-4833,1943-5819,Information Systems,7821,1.937
Distributed Computing,0178-2770,1432-0452,Theory & Methods,868,1.937
IEEE Computer Graphics and Applications,0272-1716,1558-1756,Software Engineering,3017,1.909
ACM Transactions on Interactive Intelligent Systems,2160-6455,2160-6463,Artificial Intelligence,1014,1.887
ACM Transactions on Embedded Computing Systems,1539-9087,1558-3465,Software Engineering,1590,1.886
European Journal of Information Systems,0960-085X,1476-9344,Information Systems,5259,9.011
International Journal of Intelligent Systems,0884-8173,1098-111X,Artificial Intelligence,7799,8.993
Journal of King Saud University-Computer and Information Sciences,1319-1578,2213-1248,Information Systems,2994,8.839
Computer Science Review,1574-0137,1876-7745,Information Systems,2170,8.757
Expert Systems With Applications,0957-4174,1873-6793,Artificial Intelligence,64974,8.665
Journal of Cheminformatics,1758-2946,1758-2946,Information Systems,7357,8.489
Applied Soft Computing,1568-4946,1872-9681,Interdisciplinary Applications,41240,8.263
Information Sciences,0020-0255,1872-6291,Information Systems,51960,8.233
Knowledge-Based Systems,0950-7051,1872-7409,Artificial Intelligence,28857,8.139
Journal of Computer Science and Technology,1000-9000,1860-4749,Software Engineering,1406,1.871
Real-Time Systems,0922-6443,1573-1383,Theory & Methods,734,1.865
Journal of Software-Evolution and Process,2047-7473,2047-7481,Software Engineering,989,1.864
Mobile Information Systems,1574-017X,1875-905X,Information Systems,1592,1.863
Cybernetics and Systems,0196-9722,1087-6553,Cybernetics,840,1.859
Language Resources and Evaluation,1574-020X,1574-0218,Interdisciplinary Applications,987,1.835
Concurrency and Computation-Practice & Experience,1532-0626,1532-0634,Software Engineering,4850,1.831
Computers & Graphics-Uk,0097-8493,1873-7684,Software Engineering,2957,1.821
Software Quality Journal,0963-9314,1573-1367,Software Engineering,912,1.813
Journal of Computer Languages,2590-1184,2665-9182,Software Engineering,155,1.778
Computer Journal,0010-4620,1460-2067,Theory & Methods,4631,1.762
Presence-Virtual and Augmented Reality,1054-7460,1531-3263,Software Engineering,3488,1.75
Software Testing Verification & Reliability,0960-0833,1099-1689,Software Engineering,711,1.75
Journal of Intelligent & Fuzzy Systems,1064-1246,1875-8967,Artificial Intelligence,10814,1.737
Artificial Life,1064-5462,1530-9185,Theory & Methods,782,1.717
ACM Transactions on Programming Languages and Systems,0164-0925,1558-4593,Software Engineering,1337,1.714
Simulation-Transactions of the Society For Modeling and Simulation International,0037-5497,1741-3133,Software Engineering,1947,1.699
Journal on Multimodal User Interfaces,1783-7677,1783-8738,Cybernetics,535,1.694
ACM Transactions on Computer Systems,0734-2071,1557-7333,Theory & Methods,1380,1.692
Automated Software Engineering,0928-8910,1573-7535,Software Engineering,576,1.677
ACM Transactions on Applied Perception,1544-3558,1544-3965,Software Engineering,717,1.676
Scientific Programming,1058-9244,1875-919X,Software Engineering,1095,1.672
Computer Methods in Biomechanics and Biomedical Engineering,1025-5842,1476-8259,Interdisciplinary Applications,3880,1.669
Current Computer-Aided Drug Design,1573-4099,1875-6697,Interdisciplinary Applications,882,1.639
ACM Transactions on Database Systems,0362-5915,1557-4644,Software Engineering,1570,1.629
Journal of Cryptographic Engineering,2190-8508,2190-8516,Theory & Methods,539,1.585
Journal of Functional Programming,0956-7968,1469-7653,Software Engineering,427,1.543
IEEE Embedded Systems Letters,1943-0663,1943-0671,Software Engineering,392,1.524
Natural Computing,1567-7818,1572-9796,Theory & Methods,1181,1.504
Data & Knowledge Engineering,0169-023X,1872-6933,Information Systems,1713,1.5
Network-Computation in Neural Systems,0954-898X,1361-6536,Artificial Intelligence,804,1.5
International Journal on Semantic Web and Information Systems,1552-6283,1552-6291,Artificial Intelligence,357,1.478
ACM Transactions on Asian and Low-Resource Language Information Processing,2375-4699,2375-4702,Artificial Intelligence,413,1.471
International Journal of Parallel Programming,0885-7458,1573-7640,Theory & Methods,611,1.447
ACM Transactions on Design Automation of Electronic Systems,1084-4309,1557-7309,Hardware & Architecture,825,1.447
ACM Transactions on Architecture and Code Optimization,1544-3566,1544-3973,Theory & Methods,799,1.444
Sigmod Record,0163-5808,1943-5835,Software Engineering,2409,1.432
Applied Ontology,1570-5838,1875-8533,Theory & Methods,300,1.367
International Journal of Data Warehousing and Mining,1548-3924,1548-3932,Software Engineering,334,1.333
Analog Integrated Circuits and Signal Processing,0925-1030,1573-1979,Hardware & Architecture,2184,1.321
Intelligent Data Analysis,1088-467X,1571-4128,Artificial Intelligence,1544,1.321
Neural Network World,1210-0552,N/A,Artificial Intelligence,383,1.304
IET Information Security,1751-8709,1751-8717,Theory & Methods,725,1.3
New Review of Hypermedia and Multimedia,1361-4568,1740-7842,Information Systems,195,1.278
International Journal of Sensor Networks,1748-1279,1748-1287,Information Systems,542,1.264
International Journal of Pattern Recognition and Artificial Intelligence,0218-0014,1793-6381,Artificial Intelligence,2331,1.261
International Journal on Software Tools For Technology Transfer,1433-2779,1433-2787,Software Engineering,757,1.256
IEEE Transactions on Games,2475-1502,2475-1510,Artificial Intelligence,191,1.237
